{
  "n": 1500,
  "delta": 0.3,
  "gamma_star": 1.3114754098360657,
  "seeds": 20,
  "results": [
    {
      "gamma": 0.3934426229508197,
      "ratio": 0.3,
      "m": 590,
      "median_loss": 9.23327059254575e-09,
      "success_rates": {
        "1e-2": 1.0,
        "1e-3": 1.0,
        "1e-4": 1.0
      },
      "losses": [
        8.680518526205105e-09,
        9.33299837413415e-09,
        9.54509449258012e-09,
        9.577796333815058e-09,
        9.331707850890325e-09,
        8.999597511660795e-09,
        9.689920865696422e-09,
        9.063130690378784e-09,
        8.257618588913829e-09,
        9.981806492476153e-09,
        9.541725631834197e-09,
        8.969300857586404e-09,
        9.624539387687037e-09,
        8.722311761744095e-09,
        8.948203955583267e-09,
        9.691834890190876e-09,
        8.706904530697557e-09,
        9.134833334201176e-09,
        9.500878306312188e-09,
        9.092478769900936e-09
      ]
    },
    {
      "gamma": 0.6557377049180328,
      "ratio": 0.5,
      "m": 983,
      "median_loss": 8.428100883861589e-09,
      "success_rates": {
        "1e-2": 1.0,
        "1e-3": 1.0,
        "1e-4": 1.0
      },
      "losses": [
        9.347374430035416e-09,
        7.728538697904241e-09,
        7.879992658388346e-09,
        9.576867299188052e-09,
        8.327967648824597e-09,
        9.157737679288402e-09,
        9.260059385951536e-09,
        7.328037288090172e-09,
        7.633419230046457e-09,
        9.807615164447725e-09,
        8.279906538177784e-09,
        9.770054987257026e-09,
        8.957117714203378e-09,
        7.423833103814559e-09,
        7.764932696829874e-09,
        8.528234118898581e-09,
        6.918882800022175e-09,
        9.619422591811144e-09,
        9.529407485331376e-09,
        7.78958408886865e-09
      ]
    },
    {
      "gamma": 0.9180327868852459,
      "ratio": 0.7,
      "m": 1377,
      "median_loss": 9.097512077005376e-09,
      "success_rates": {
        "1e-2": 1.0,
        "1e-3": 1.0,
        "1e-4": 1.0
      },
      "losses": [
        7.80895526020231e-09,
        8.949425200910355e-09,
        9.905662956555261e-09,
        9.838211134649555e-09,
        9.71056923759761e-09,
        9.245598953100398e-09,
        9.696329961172978e-09,
        7.43147010595635e-09,
        7.081090380722799e-09,
        9.861738092808991e-09,
        9.478639206861317e-09,
        9.546385904002364e-09,
        9.914926657472733e-09,
        7.297650927995392e-09,
        7.694850978623435e-09,
        7.713179428492367e-09,
        7.179851824190564e-09,
        6.168410227047616e-09,
        7.412654490224213e-09,
        9.387205679445287e-09
      ]
    },
    {
      "gamma": 1.1147540983606559,
      "ratio": 0.85,
      "m": 1672,
      "median_loss": 9.110114884691711e-09,
      "success_rates": {
        "1e-2": 1.0,
        "1e-3": 1.0,
        "1e-4": 1.0
      },
      "losses": [
        9.100128650629813e-09,
        9.153062308087101e-09,
        8.809369234086262e-09,
        6.658941842374588e-09,
        9.192896222032232e-09,
        9.027117719995204e-09,
        8.452688327054148e-09,
        8.389787531370985e-09,
        9.438783088455693e-09,
        7.210678276692306e-09,
        9.897114239265647e-09,
        9.827063607303899e-09,
        8.193240752518705e-09,
        9.152635982445645e-09,
        9.392994826384893e-09,
        5.936406477502487e-09,
        8.061031842032662e-09,
        9.332842942910702e-09,
        9.12010111875361e-09,
        9.359570896094738e-09
      ]
    },
    {
      "gamma": 1.3114754098360657,
      "ratio": 1.0,
      "m": 1967,
      "median_loss": 8.00988830818028e-09,
      "success_rates": {
        "1e-2": 1.0,
        "1e-3": 1.0,
        "1e-4": 1.0
      },
      "losses": [
        9.97532900726128e-09,
        7.414748814937866e-09,
        7.279103098056794e-09,
        7.660235112894043e-09,
        8.267399209671566e-09,
        7.77658204498266e-09,
        7.927586587186397e-09,
        8.092190029174162e-09,
        7.71598607229862e-09,
        9.77407133007091e-09,
        8.421440433892258e-09,
        9.172118176081767e-09,
        8.790139283121334e-09,
        9.93125670589734e-09,
        7.175097849199119e-09,
        8.264805728686042e-09,
        9.944885803747638e-09,
        7.033471138839786e-09,
        6.594354395872415e-09,
        7.458493378464937e-09
      ]
    },
    {
      "gamma": 1.5081967213114755,
      "ratio": 1.15,
      "m": 2262,
      "median_loss": 8.871754886285999e-09,
      "success_rates": {
        "1e-2": 1.0,
        "1e-3": 1.0,
        "1e-4": 1.0
      },
      "losses": [
        9.757927799114441e-09,
        9.781230936312113e-09,
        9.125850297664329e-09,
        9.65376134587359e-09,
        9.969596703740535e-09,
        7.709182625603717e-09,
        9.25133925022692e-09,
        6.834417476397903e-09,
        7.179438377136194e-09,
        9.777437526281574e-09,
        8.645858251554728e-09,
        8.099767079272624e-09,
        7.582483974033494e-09,
        6.826787135594259e-09,
        7.575819083172064e-09,
        7.843117266759236e-09,
        9.277601797919033e-09,
        8.809014850896801e-09,
        9.605607864671128e-09,
        8.934494921675196e-09
      ]
    },
    {
      "gamma": 1.7049180327868854,
      "ratio": 1.3,
      "m": 2557,
      "median_loss": 8.488889147173495e-09,
      "success_rates": {
        "1e-2": 1.0,
        "1e-3": 1.0,
        "1e-4": 1.0
      },
      "losses": [
        6.980130695666276e-09,
        6.45439302005002e-09,
        9.574368853293436e-09,
        8.132765572099743e-09,
        9.225613162300306e-09,
        7.61125651393968e-09,
        7.1745427376868065e-09,
        9.329718331230197e-09,
        9.904092657109231e-09,
        9.298799064083596e-09,
        8.69329941366459e-09,
        6.666891483320114e-09,
        9.715821036593297e-09,
        8.814403429369122e-09,
        8.352508018560911e-09,
        8.415975472075843e-09,
        8.561802822271147e-09,
        8.646064308948098e-09,
        6.945616526365939e-09,
        5.778737932615741e-09
      ]
    },
    {
      "gamma": 1.9672131147540985,
      "ratio": 1.5,
      "m": 2950,
      "median_loss": 8.279344321238113e-09,
      "success_rates": {
        "1e-2": 1.0,
        "1e-3": 1.0,
        "1e-4": 1.0
      },
      "losses": [
        8.350649061128479e-09,
        9.502617359657961e-09,
        7.508100807740448e-09,
        8.508903803772228e-09,
        8.118036909365856e-09,
        6.401572605341244e-09,
        7.342936036991432e-09,
        7.1607852980548614e-09,
        7.763087950252157e-09,
        9.155654012715786e-09,
        9.986675486572949e-09,
        7.242067834312138e-09,
        9.45164746468663e-09,
        9.903441622327591e-09,
        8.514087213029597e-09,
        9.552665325429643e-09,
        8.594898126546013e-09,
        7.385202671628122e-09,
        8.14515477287614e-09,
        8.208039581347748e-09
      ]
    },
    {
      "gamma": 2.295081967213115,
      "ratio": 1.75,
      "m": 3442,
      "median_loss": 7.98456190054253e-09,
      "success_rates": {
        "1e-2": 1.0,
        "1e-3": 1.0,
        "1e-4": 1.0
      },
      "losses": [
        9.173676929208341e-09,
        7.122347600585499e-09,
        9.218426022528092e-09,
        9.333260386767961e-09,
        6.771644134317967e-09,
        8.012142949098688e-09,
        7.3350205909150645e-09,
        7.0166299437346424e-09,
        8.41068104051601e-09,
        9.932426436876085e-09,
        7.488094588836702e-09,
        9.332721262467203e-09,
        6.152736986564378e-09,
        4.831139932548467e-09,
        6.367601557144553e-09,
        8.991420052950616e-09,
        9.043697346555746e-09,
        7.956980851986373e-09,
        8.284443353545612e-09,
        7.461169460043493e-09
      ]
    },
    {
      "gamma": 2.6229508196721314,
      "ratio": 2.0,
      "m": 3934,